<?xml version="1.0" encoding="UTF-8"?>
<beans xmlns:xsi="http://www.w3.org/2001/XMLSchema-instance"
	xmlns="http://www.springframework.org/schema/beans"
	xmlns:context="http://www.springframework.org/schema/context"
	xmlns:mvc="http://www.springframework.org/schema/mvc"
	xmlns:task="http://www.springframework.org/schema/task"
	xsi:schemaLocation="http://www.springframework.org/schema/mvc https://www.springframework.org/schema/mvc/spring-mvc.xsd
		http://www.springframework.org/schema/task http://www.springframework.org/schema/task/spring-task-4.3.xsd
		http://www.springframework.org/schema/beans https://www.springframework.org/schema/beans/spring-beans.xsd
		http://www.springframework.org/schema/context https://www.springframework.org/schema/context/spring-context.xsd">

   <context:component-scan base-package="com.ipad.project"/>
 
   <mvc:annotation-driven/>

    <bean id="jacksonMessageConverter" class="org.springframework.http.converter.json.MappingJackson2HttpMessageConverter"/>

    <bean class="org.springframework.web.servlet.view.InternalResourceViewResolver">
        <property name="prefix" value="/WEB-INF/views/" />
        <property name="suffix" value=".jsp" />
    </bean>

   <mvc:view-controller path="/" view-name="main"/>
 
    <mvc:resources location="/WEB-INF/resources/" mapping="/**" />
    <mvc:resources location="/WEB-INF/resources/images/" mapping="/images/**" />
    <mvc:resources location="/WEB-INF/resources/js/" mapping="/js/**" />
    <mvc:resources location="/WEB-INF/resources/css/" mapping="/css/**" />
   <mvc:resources location="/WEB-INF/resources/json/" mapping="/json/**"/>

   <task:annotation-driven/>
</beans>


